Workbook

Sheet PROV. JAWA BARAT
A1: DAFTAR CALON PENERIMA BANTUAN TAHUN 2026
A2: DIREKTORAT JENDERAL PERUMAHAN PERDESAAN
A3: TAHAP IV
A5: NO | B5: KODE DESA/KEL. | C5: NAMA | D5: L/P | E5: NO KTP | F5: NO KK | G5: ALAMAT | H5: DESA/ KELURAHAN | I5: KECAMATAN | J5: KABUPATEN/ KOTA | K5: PROVINSI | L5: DELINEASI | M5: PENGUSUL | N5: STATUS | O5: KETERANGAN | P5: PENGELOMPOKAN DESIL
A6: 1 | B6: 3204162001 | C6: DADANG | D6: L | E6: 3204162202740001 | F6: 3204160304058599 | G6: KP PARAKAN BOLANG RT 003 RW 011 | H6: ARJASARI | I6: ARJASARI | J6: KAB. BANDUNG | K6: JAWA BARAT | L6: PERDESAAN | M6: CUCUN AHMAD SYAMSURIJAL | N6: Belum Pernah menerima bantuan BSPS,FLPP dan BP2BT | O6: Backlog 2 desil 2 | P6: Backlog 2 Desil 1-5 | Q6: 1 | R6: =SUM(Q6:Q19) -> 14
A7: 2 | B7: 3204162001 | C7: ALIT | D7: L | E7: 3204162904740002 | F7: 3204160404053881 | G7: KP CIWARU RT 002 RW 003 | H7: ARJASARI | I7: ARJASARI | J7: KAB. BANDUNG | K7: JAWA BARAT | L7: PERDESAAN | M7: CUCUN AHMAD SYAMSURIJAL | N7: Belum Pernah menerima bantuan BSPS,FLPP dan BP2BT | O7: Backlog 2 desil 3 | P7: Backlog 2 Desil 1-5 | Q7: 1
A8: 3 | B8: 3204162001 | C8: APONG | D8: P | E8: 3204164511450003 | F8: 3204162703080001 | G8: KP MUARA RT 003 RW 015 | H8: ARJASARI | I8: ARJASARI | J8: KAB. BANDUNG | K8: JAWA BARAT | L8: PERDESAAN | M8: CUCUN AHMAD SYAMSURIJAL | N8: Belum Pernah menerima bantuan BSPS,FLPP dan BP2BT | O8: Tidak masuk backlog perumahan desil 1 | P8: Tidak masuk backlog perumahan | Q8: 1
A9: 4 | B9: 3204162001 | C9: TATANG SONDA | D9: L | E9: 3204161202650001 | F9: 3204160304059956 | G9: KP HAUR JAJAR RT 001 RW 002 | H9: ARJASARI | I9: ARJASARI | J9: KAB. BANDUNG | K9: JAWA BARAT | L9: PERDESAAN | M9: CUCUN AHMAD SYAMSURIJAL | N9: Belum Pernah menerima bantuan BSPS,FLPP dan BP2BT | O9: Tidak masuk backlog perumahan desil 1 | P9: Tidak masuk backlog perumahan | Q9: 1
A10: 5 | B10: 3204162001 | C10: NINA KARLINA | D10: P | E10: 3204164509940001 | F10: 3204163009140004 | G10: KP ARJASARI RT 006 RW 005 | H10: ARJASARI | I10: ARJASARI | J10: KAB. BANDUNG | K10: JAWA BARAT | L10: PERDESAAN | M10: CUCUN AHMAD SYAMSURIJAL | N10: Belum Pernah menerima bantuan BSPS,FLPP dan BP2BT | O10: Backlog 2 desil 3 | P10: Backlog 2 Desil 1-5 | Q10: 1
A11: 6 | B11: 3204162001 | C11: IWAN SETIAWAN | D11: L | E11: 3204161106840006 | F11: 3204160910130003 | G11: KP PARAKAN BOLANG RT 004RW 001 | H11: ARJASARI | I11: ARJASARI | J11: KAB. BANDUNG | K11: JAWA BARAT | L11: PERDESAAN | M11: CUCUN AHMAD SYAMSURIJAL | N11: Belum Pernah menerima bantuan BSPS,FLPP dan BP2BT | O11: Backlog 2 desil 1 | P11: Backlog 2 Desil 1-5 | Q11: 1
A12: 7 | B12: 3204162001 | C12: AGUS SUKRIMAN | D12: L | E12: 3204160902760002 | F12: 3204162605150004 | G12: KP ARJASARI RT 002RW 007 | H12: ARJASARI | I12: ARJASARI | J12: KAB. BANDUNG | K12: JAWA BARAT | L12: PERDESAAN | M12: CUCUN AHMAD SYAMSURIJAL | N12: Belum Pernah menerima bantuan BSPS,FLPP dan BP2BT | O12: Backlog 2 desil 3 | P12: Backlog 2 Desil 1-5 | Q12: 1
A13: 8 | B13: 3204162001 | C13: USUP | D13: L | E13: 3204160206510001 | F13: 3204160606130016 | G13: KP.ARJASARI RT 3 RW 8 | H13: ARJASARI | I13: ARJASARI | J13: KAB. BANDUNG | K13: JAWA BARAT | L13: PERDESAAN | M13: CUCUN AHMAD SYAMSURIJAL | N13: Belum Pernah menerima bantuan BSPS,FLPP dan BP2BT | O13: Backlog 2 desil 6 | P13: Backlog 2 Desil 6-10 | Q13: 1
A14: 9 | B14: 3204162001 | C14: NANDANG TARYANA | D14: L | E14: 3204160409880002 | F14: 3204163105130044 | G14: KP ARJASARI RT 2 RW 5 | H14: ARJASARI | I14: ARJASARI | J14: KAB. BANDUNG | K14: JAWA BARAT | L14: PERDESAAN | M14: CUCUN AHMAD SYAMSURIJAL | N14: Belum Pernah menerima bantuan BSPS,FLPP dan BP2BT | O14: Backlog 2 desil 1 | P14: Backlog 2 Desil 1-5 | Q14: 1
A15: 10 | B15: 3204162001 | C15: AJANG NANA MULYANA | D15: L | E15: 3204161212780001 | F15: 3204161912170004 | G15: KP.CIBINGBIN RT 1 RW 4 | H15: ARJASARI | I15: ARJASARI | J15: KAB. BANDUNG | K15: JAWA BARAT | L15: PERDESAAN | M15: CUCUN AHMAD SYAMSURIJAL | N15: Belum Pernah menerima bantuan BSPS,FLPP dan BP2BT | O15: Backlog 2 desil 2 | P15: Backlog 2 Desil 1-5 | Q15: 1
A16: 11 | B16: 3204162001 | C16: ANAN | D16: L | E16: 3204160107680163 | F16: 3204160304058577 | G16: KP SUKAMAJU RT 2 RW 11 | H16: ARJASARI | I16: ARJASARI | J16: KAB. BANDUNG | K16: JAWA BARAT | L16: PERDESAAN | M16: CUCUN AHMAD SYAMSURIJAL | N16: Belum Pernah menerima bantuan BSPS,FLPP dan BP2BT | O16: Tidak masuk backlog perumahan desil 1 | P16: Tidak masuk backlog perumahan | Q16: 1
A17: 12 | B17: 3204162001 | C17: EPON | D17: P | E17: 3204165011400005 | F17: 3204160304180007 | G17: KP.CIBINTINU RT 3 RW 16 | H17: ARJASARI | I17: ARJASARI | J17: KAB. BANDUNG | K17: JAWA BARAT | L17: PERDESAAN | M17: CUCUN AHMAD SYAMSURIJAL | N17: Belum Pernah menerima bantuan BSPS,FLPP dan BP2BT | O17: Backlog 2 desil 3 | P17: Backlog 2 Desil 1-5 | Q17: 1
A18: 13 | B18: 3204162001 | C18: ATING | D18: L | E18: 3204161106540002 | F18: 3204163105130130 | G18: KP CIBINGBIN RT 2 RW 4 | H18: ARJASARI | I18: ARJASARI | J18: KAB. BANDUNG | K18: JAWA BARAT | L18: PERDESAAN | M18: CUCUN AHMAD SYAMSURIJAL | N18: Belum Pernah menerima bantuan BSPS,FLPP dan BP2BT | O18: Backlog 2 desil 3 | P18: Backlog 2 Desil 1-5 | Q18: 1
A19: 14 | B19: 3204162001 | C19: ADANG | D19: L | E19: 3204161507740001 | F19: 3204160606130042 | G19: KP.PARAKAN BOLANG RT 3 RW 11 | H19: ARJASARI | I19: ARJASARI | J19: KAB. BANDUNG | K19: JAWA BARAT | L19: PERDESAAN | M19: CUCUN AHMAD SYAMSURIJAL | N19: Belum Pernah menerima bantuan BSPS,FLPP dan BP2BT | O19: Backlog 2 desil 3 | P19: Backlog 2 Desil 1-5 | Q19: 1
A20: 15 | B20: 3204162010 | C20: DESI RAHMAWATI | D20: P | E20: 3204165512960007 | F20: 3204160509170005 | G20: KP CIKIARA RT 003 RW 009 | H20: RANCAKOLE | I20: ARJASARI | J20: KAB. BANDUNG | K20: JAWA BARAT | L20: PERDESAAN | M20: CUCUN AHMAD SYAMSURIJAL | N20: Belum Pernah menerima bantuan BSPS,FLPP dan BP2BT | O20: Backlog 1 desil 3 | P20: Backlog 1 Desil 1-5 | Q20: 1 | R20: =SUM(Q20:Q32) -> 13
A21: 16 | B21: 3204162010 | C21: YADI | D21: L | E21: 3204160806860002 | F21: 3204161810060011 | G21: KP PASIRBATU RT 001 RW 008 | H21: RANCAKOLE | I21: ARJASARI | J21: KAB. BANDUNG | K21: JAWA BARAT | L21: PERDESAAN | M21: CUCUN AHMAD SYAMSURIJAL | N21: Belum Pernah menerima bantuan BSPS,FLPP dan BP2BT | O21: Backlog 2 desil 4 | P21: Backlog 2 Desil 1-5 | Q21: 1
A22: 17 | B22: 3204162010 | C22: ODIH | D22: L | E22: 3204160707640004 | F22: 3204162901130058 | G22: KP PASIRLETIK RT 002 RW 016 | H22: RANCAKOLE | I22: ARJASARI | J22: KAB. BANDUNG | K22: JAWA BARAT | L22: PERDESAAN | M22: CUCUN AHMAD SYAMSURIJAL | N22: Belum Pernah menerima bantuan BSPS,FLPP dan BP2BT | O22: Tidak masuk backlog perumahan desil 2 | P22: Tidak masuk backlog perumahan | Q22: 1
A23: 18 | B23: 3204162010 | C23: WAHYA | D23: L | E23: 3204160101740005 | F23: 3204160404055446 | G23: KP PASIRSEREH RT 001 RW 012 | H23: RANCAKOLE | I23: ARJASARI | J23: KAB. BANDUNG | K23: JAWA BARAT | L23: PERDESAAN | M23: CUCUN AHMAD SYAMSURIJAL | N23: Belum Pernah menerima bantuan BSPS,FLPP dan BP2BT | O23: Backlog 2 desil 1 | P23: Backlog 2 Desil 1-5 | Q23: 1
A24: 19 | B24: 3204162010 | C24: DELA | D24: P | E24: 3204165810830007 | F24: 3204160807080163 | G24: KP POJOK RT 003 RW 010 | H24: RANCAKOLE | I24: ARJASARI | J24: KAB. BANDUNG | K24: JAWA BARAT | L24: PERDESAAN | M24: CUCUN AHMAD SYAMSURIJAL | N24: Belum Pernah menerima bantuan BSPS,FLPP dan BP2BT | O24: Backlog 2 desil 1 | P24: Backlog 2 Desil 1-5 | Q24: 1
A25: 20 | B25: 3204162010 | C25: DEDE NY | D25: P | E25: 3204165103780004 | F25: 3204160404055385 | G25: KP CIDODOL RT 002 RW 011 | H25: RANCAKOLE | I25: ARJASARI | J25: KAB. BANDUNG | K25: JAWA BARAT | L25: PERDESAAN | M25: CUCUN AHMAD SYAMSURIJAL | N25: Belum Pernah menerima bantuan BSPS,FLPP dan BP2BT | O25: Tidak masuk backlog perumahan desil 5 | P25: Tidak masuk backlog perumahan | Q25: 1
A26: 21 | B26: 3204162010 | C26: DERI SULAEMAN | D26: L | E26: 3204161105920002 | F26: 3204162110130016 | G26: KP CIDODOL RT 001 RW 011 | H26: RANCAKOLE | I26: ARJASARI | J26: KAB. BANDUNG | K26: JAWA BARAT | L26: PERDESAAN | M26: CUCUN AHMAD SYAMSURIJAL | N26: Belum Pernah menerima bantuan BSPS,FLPP dan BP2BT | O26: Tidak masuk backlog perumahan desil 3 | P26: Tidak masuk backlog perumahan | Q26: 1
A27: 22 | B27: 3204162010 | C27: TARMIDI | D27: L | E27: 3175070903740006 | F27: 3173031603111020 | G27: KP RANCAKOLE RT 001 RW 007 | H27: RANCAKOLE | I27: ARJASARI | J27: KAB. BANDUNG | K27: JAWA BARAT | L27: PERDESAAN | M27: CUCUN AHMAD SYAMSURIJAL | N27: Belum Pernah menerima bantuan BSPS,FLPP dan BP2BT | O27: Backlog 2 desil 4 | P27: Backlog 2 Desil 1-5 | Q27: 1
A28: 23 | B28: 3204162010 | C28: PIPIN SUPRIATNA | D28: L | E28: 3204161404900002 | F28: 3275032604180017 | G28: KP PASIRTENGAH RT 001 RW 007 | H28: RANCAKOLE | I28: ARJASARI | J28: KAB. BANDUNG | K28: JAWA BARAT | L28: PERDESAAN | M28: CUCUN AHMAD SYAMSURIJAL | N28: Belum Pernah menerima bantuan BSPS,FLPP dan BP2BT | O28: Backlog 1 desil 5 | P28: Backlog 1 Desil 1-5 | Q28: 1
A29: 24 | B29: 3204162010 | C29: LALA NURHADI | D29: L | E29: 3204160103660005 | F29: 3204161510120002 | G29: KP BAHUAN RT 002 RW 014 | H29: RANCAKOLE | I29: ARJASARI | J29: KAB. BANDUNG | K29: JAWA BARAT | L29: PERDESAAN | M29: CUCUN AHMAD SYAMSURIJAL | N29: Belum Pernah menerima bantuan BSPS,FLPP dan BP2BT | O29: Backlog 2 desil 3 | P29: Backlog 2 Desil 1-5 | Q29: 1
A30: 25 | B30: 3204162010 | C30: NONENG MULYANI | D30: P | E30: 3204164107830186 | F30: 3204160705120004 | G30: KP RANCASELANG RT 001 RW 013 | H30: RANCAKOLE | I30: ARJASARI | J30: KAB. BANDUNG | K30: JAWA BARAT | L30: PERDESAAN | M30: CUCUN AHMAD SYAMSURIJAL | N30: Belum Pernah menerima bantuan BSPS,FLPP dan BP2BT | O30: Tidak masuk backlog perumahan desil 1 | P30: Tidak masuk backlog perumahan | Q30: 1
A31: 26 | B31: 3204162010 | C31: AKRI | D31: L | E31: 3204160606650003 | F31: 3204160404056505 | G31: KP RANCASELANG RT 003 RW 013 | H31: RANCAKOLE | I31: ARJASARI | J31: KAB. BANDUNG | K31: JAWA BARAT | L31: PERDESAAN | M31: CUCUN AHMAD SYAMSURIJAL | N31: Belum Pernah menerima bantuan BSPS,FLPP dan BP2BT | O31: Backlog 2 desil 1 | P31: Backlog 2 Desil 1-5 | Q31: 1
A32: 27 | B32: 3204162010 | C32: MUHAMAD ADZCA FIRMANSYAH | D32: L | E32: 3204161712040004 | F32: 3204162811250007 | G32: KP PASIRSEREH RT 003 RW 012 | H32: RANCAKOLE | I32: ARJASARI | J32: KAB. BANDUNG | K32: JAWA BARAT | L32: PERDESAAN | M32: CUCUN AHMAD SYAMSURIJAL | N32: Belum Pernah menerima bantuan BSPS,FLPP dan BP2BT | P32: - | Q32: 1
A33: 28 | B33: 3204321004 | C33: TATANG WAHYUDI | D33: L | E33: 3204322710820001 | F33: 3204320304200002 | G33: KP CIKADU RT 07 RW 02 | H33: JELEKONG | I33: BALEENDAH | J33: KAB. BANDUNG | K33: JAWA BARAT | L33: PERDESAAN | M33: CUCUN AHMAD SYAMSURIJAL | N33: Belum Pernah menerima bantuan BSPS,FLPP dan BP2BT | O33: Backlog 2 desil 4 | P33: Backlog 2 Desil 1-5 | Q33: 1 | R33: =SUM(Q33:Q46) -> 14
A34: 29 | B34: 3204321004 | C34: AGUS SOLIHIN | D34: L | E34: 3204321612800002 | F34: 3204320806120005 | G34: KP CIKADU RT 07 RW 02 | H34: JELEKONG | I34: BALEENDAH | J34: KAB. BANDUNG | K34: JAWA BARAT | L34: PERDESAAN | M34: CUCUN AHMAD SYAMSURIJAL | N34: Belum Pernah menerima bantuan BSPS,FLPP dan BP2BT | O34: Backlog 2 desil 4 | P34: Backlog 2 Desil 1-5 | Q34: 1
A35: 30 | B35: 3204321004 | C35: MAMAN SUHERMAN | D35: L | E35: 3204321008660010 | F35: 3204321611050133 | G35: KP GUGUNUNGAN RT 06 RW 05 | H35: JELEKONG | I35: BALEENDAH | J35: KAB. BANDUNG | K35: JAWA BARAT | L35: PERDESAAN | M35: CUCUN AHMAD SYAMSURIJAL | N35: Belum Pernah menerima bantuan BSPS,FLPP dan BP2BT | O35: Backlog 2 desil 4 | P35: Backlog 2 Desil 1-5 | Q35: 1
A36: 31 | B36: 3204321004 | C36: SUMIATI | D36: P | E36: 3204324507690015 | F36: 3204322511050036 | G36: KP GUGUNUNGAN RT 01 RW 05 | H36: JELEKONG | I36: BALEENDAH | J36: KAB. BANDUNG | K36: JAWA BARAT | L36: PERDESAAN | M36: CUCUN AHMAD SYAMSURIJAL | N36: Belum Pernah menerima bantuan BSPS,FLPP dan BP2BT | O36: Backlog 2 desil 4 | P36: Backlog 2 Desil 1-5 | Q36: 1
A37: 32 | B37: 3204321004 | C37: ERWIN ERIANSYAH | D37: L | E37: 3205150504990002 | F37: 3206153001190002 | G37: KP GUGUNUNGAN RT 04 RW 05 | H37: JELEKONG | I37: BALEENDAH | J37: KAB. BANDUNG | K37: JAWA BARAT | L37: PERDESAAN | M37: CUCUN AHMAD SYAMSURIJAL | N37: Belum Pernah menerima bantuan BSPS,FLPP dan BP2BT | O37: Backlog 2 desil 1 | P37: Backlog 2 Desil 1-5 | Q37: 1
A38: 33 | B38: 3204321004 | C38: ENAN SUGANDI | D38: L | E38: 3204322009740012 | F38: 3204321202140014 | G38: KP GUGUNUNGAN RT 02 RW 05 | H38: JELEKONG | I38: BALEENDAH | J38: KAB. BANDUNG | K38: JAWA BARAT | L38: PERDESAAN | M38: CUCUN AHMAD SYAMSURIJAL | N38: Belum Pernah menerima bantuan BSPS,FLPP dan BP2BT | O38: Backlog 2 desil 2 | P38: Backlog 2 Desil 1-5 | Q38: 1
A39: 34 | B39: 3204321004 | C39: IYAN | D39: L | E39: 3204322909690002 | F39: 3204323003054062 | G39: KP GUGUNUNGAN RT 03 RW 05 | H39: JELEKONG | I39: BALEENDAH | J39: KAB. BANDUNG | K39: JAWA BARAT | L39: PERDESAAN | M39: CUCUN AHMAD SYAMSURIJAL | N39: Belum Pernah menerima bantuan BSPS,FLPP dan BP2BT | O39: Backlog 2 desil 1 | P39: Backlog 2 Desil 1-5 | Q39: 1
A40: 35 | B40: 3204321004 | C40: ODANG SUTISNA | D40: L | E40: 3204320907750006 | F40: 3204320112120167 | G40: KP JELEKONG RT 03 RW 02 | H40: JELEKONG | I40: BALEENDAH | J40: KAB. BANDUNG | K40: JAWA BARAT | L40: PERDESAAN | M40: CUCUN AHMAD SYAMSURIJAL | N40: Belum Pernah menerima bantuan BSPS,FLPP dan BP2BT | O40: Backlog 2 desil 4 | P40: Backlog 2 Desil 1-5 | Q40: 1
A41: 36 | B41: 3204321004 | C41: ASEP SURYANA | D41: L | E41: 3204320502920017 | F41: 3204320211220008 | G41: KP SUKAJADI RT 02 RW 12 | H41: JELEKONG | I41: BALEENDAH | J41: KAB. BANDUNG | K41: JAWA BARAT | L41: PERDESAAN | M41: CUCUN AHMAD SYAMSURIJAL | N41: Belum Pernah menerima bantuan BSPS,FLPP dan BP2BT | O41: Backlog 2 desil 3 | P41: Backlog 2 Desil 1-5 | Q41: 1
A42: 37 | B42: 3204321004 | C42: IDEN | D42: P | E42: 3204324405760002 | F42: 3204323003050377 | G42: KP SUKAJADI RT 03 RW 12 | H42: JELEKONG | I42: BALEENDAH | J42: KAB. BANDUNG | K42: JAWA BARAT | L42: PERDESAAN | M42: CUCUN AHMAD SYAMSURIJAL | N42: Belum Pernah menerima bantuan BSPS,FLPP dan BP2BT | O42: Backlog 2 desil 4 | P42: Backlog 2 Desil 1-5 | Q42: 1
A43: 38 | B43: 3204321004 | C43: DEDI KURNIA | D43: L | E43: 3204320305770060 | F43: 3204323103110011 | G43: KP CANGKRING RT 04 RW 07 | H43: JELEKONG | I43: BALEENDAH | J43: KAB. BANDUNG | K43: JAWA BARAT | L43: PERDESAAN | M43: CUCUN AHMAD SYAMSURIJAL | N43: Belum Pernah menerima bantuan BSPS,FLPP dan BP2BT | O43: Tidak masuk backlog perumahan desil 5 | P43: Tidak masuk backlog perumahan | Q43: 1
A44: 39 | B44: 3204321004 | C44: OBAY SOBARI | D44: L | E44: 3204321007530108 | F44: 3204323003051801 | G44: KP CANGKRING RT 02 RW 07 | H44: JELEKONG | I44: BALEENDAH | J44: KAB. BANDUNG | K44: JAWA BARAT | L44: PERDESAAN | M44: CUCUN AHMAD SYAMSURIJAL | N44: Belum Pernah menerima bantuan BSPS,FLPP dan BP2BT | O44: Backlog 2 desil 5 | P44: Backlog 2 Desil 1-5 | Q44: 1
A45: 40 | B45: 3204321004 | C45: ENJANG MUHIDIN | D45: L | E45: 3204321011770021 | F45: 3204320712120046 | G45: KP LIO RT 02 RW 08 | H45: JELEKONG | I45: BALEENDAH | J45: KAB. BANDUNG | K45: JAWA BARAT | L45: PERDESAAN | M45: CUCUN AHMAD SYAMSURIJAL | N45: Belum Pernah menerima bantuan BSPS,FLPP dan BP2BT | O45: Tidak masuk backlog perumahan desil 1 | P45: Tidak masuk backlog perumahan | Q45: 1
A46: 41 | B46: 3204321004 | C46: HERI ISKANDAR | D46: L | E46: 3204322706800002 | F46: 3204321910120162 | G46: KP CANGKRING RT 07 RW 07 | H46: JELEKONG | I46: BALEENDAH | J46: KAB. BANDUNG | K46: JAWA BARAT | L46: PERDESAAN | M46: CUCUN AHMAD SYAMSURIJAL | N46: Belum Pernah menerima bantuan BSPS,FLPP dan BP2BT | O46: Tidak masuk backlog perumahan desil 5 | P46: Tidak masuk backlog perumahan | Q46: 1
A47: 42 | B47: 3204321008 | C47: ADAH KOMARIAH | D47: P | E47: 3204326511640005 | F47: 3204323009210005 | G47: KP.KAWUNGSARI RT 03 RW 07 | H47: WARGAMEKAR | I47: BALEENDAH | J47: KAB. BANDUNG | K47: JAWA BARAT | L47: PERDESAAN | M47: CUCUN AHMAD SYAMSURIJAL | N47: Belum Pernah menerima bantuan BSPS,FLPP dan BP2BT | O47: Backlog 2 desil 3 | P47: Backlog 2 Desil 1-5 | Q47: 1 | R47: =SUM(Q47:Q61) -> 15
A48: 43 | B48: 3204321008 | C48: ADAH SAADAH | D48: P | E48: 3207305502840001 | F48: 3207301901220004 | G48: KP. KAWUNGSARI RT 03 RW 07 | H48: WARGAMEKAR | I48: BALEENDAH | J48: KAB. BANDUNG | K48: JAWA BARAT | L48: PERDESAAN | M48: CUCUN AHMAD SYAMSURIJAL | N48: Belum Pernah menerima bantuan BSPS,FLPP dan BP2BT | O48: Backlog 1 desil 3 | P48: Backlog 1 Desil 1-5 | Q48: 1
A49: 44 | B49: 3204321008 | C49: AGUS HERMAWAN | D49: L | E49: 3204321010880031 | F49: 3204322211070041 | G49: KP CARINGIN RT: 003 RW: 002 Kelurahan Wargamekar Kecamatan Baleendah | H49: WARGAMEKAR | I49: BALEENDAH | J49: KAB. BANDUNG | K49: JAWA BARAT | L49: PERDESAAN | M49: CUCUN AHMAD SYAMSURIJAL | N49: Belum Pernah menerima bantuan BSPS,FLPP dan BP2BT | O49: Backlog 2 desil 2 | P49: Backlog 2 Desil 1-5 | Q49: 1
A50: 45 | B50: 3204321008 | C50: AGUS SURYANA | D50: L | E50: 3204320302760020 | F50: 3204322608080060 | G50: KP CIPARIA RT : 003 RT : 014 Kelurahan Wargamekar Kecamatan Baleendah | H50: WARGAMEKAR | I50: BALEENDAH | J50: KAB. BANDUNG | K50: JAWA BARAT | L50: PERDESAAN | M50: CUCUN AHMAD SYAMSURIJAL | N50: Belum Pernah menerima bantuan BSPS,FLPP dan BP2BT | O50: Tidak masuk backlog perumahan desil 3 | P50: Tidak masuk backlog perumahan | Q50: 1
A51: 46 | B51: 3204321008 | C51: AJAT | D51: L | E51: 3204322512860009 | F51: 3204322711070265 | G51: KP KAWUNGSARI RT : 011 RW: 007 Kelurahan Wargamekar Kecamatan Baleendah | H51: WARGAMEKAR | I51: BALEENDAH | J51: KAB. BANDUNG | K51: JAWA BARAT | L51: PERDESAAN | M51: CUCUN AHMAD SYAMSURIJAL | N51: Belum Pernah menerima bantuan BSPS,FLPP dan BP2BT | O51: Backlog 1 desil 1 | P51: Backlog 1 Desil 1-5 | Q51: 1
A52: 47 | B52: 3204321008 | C52: ATIN MARYATIN | D52: P | E52: 3204325012680001 | F52: 3204320710220017 | G52: KP KAWUNGSARI RT : 003 RW: 007 Kelurahan Wargamekar Kecamatan Baleendah | H52: WARGAMEKAR | I52: BALEENDAH | J52: KAB. BANDUNG | K52: JAWA BARAT | L52: PERDESAAN | M52: CUCUN AHMAD SYAMSURIJAL | N52: Belum Pernah menerima bantuan BSPS,FLPP dan BP2BT | O52: Tidak masuk backlog perumahan desil 5 | P52: Tidak masuk backlog perumahan | Q52: 1
A53: 48 | B53: 3204321008 | C53: DEDEH | D53: P | E53: 3204325007650002 | F53: 3204322811120051 | G53: KP KAWUNGSARI RT : 004 RW: 007 Kelurahan Wargamekar Kecamatan Baleendah | H53: WARGAMEKAR | I53: BALEENDAH | J53: KAB. BANDUNG | K53: JAWA BARAT | L53: PERDESAAN | M53: CUCUN AHMAD SYAMSURIJAL | N53: Belum Pernah menerima bantuan BSPS,FLPP dan BP2BT | O53: Backlog 2 desil 1 | P53: Backlog 2 Desil 1-5 | Q53: 1
A54: 49 | B54: 3204321008 | C54: DIAN TOYO | D54: L | E54: 3204320608750020 | F54: 3204320910070000 | G54: KP CIPARIA RT : 001 RW: 005 Kelurahan Wargamekar Kecamatan Baleendah | H54: WARGAMEKAR | I54: BALEENDAH | J54: KAB. BANDUNG | K54: JAWA BARAT | L54: PERDESAAN | M54: CUCUN AHMAD SYAMSURIJAL | N54: Belum Pernah menerima bantuan BSPS,FLPP dan BP2BT | P54: - | Q54: 1
A55: 50 | B55: 3204321008 | C55: IWAN RISDIANA | D55: L | E55: 3204320911770011 | F55: 3204323003052651 | G55: KP RANCAMANUK RT 5 RW 13 | H55: WARGAMEKAR | I55: BALEENDAH | J55: KAB. BANDUNG | K55: JAWA BARAT | L55: PERDESAAN | M55: CUCUN AHMAD SYAMSURIJAL | N55: Belum Pernah menerima bantuan BSPS,FLPP dan BP2BT | O55: Backlog 2 desil 2 | P55: Backlog 2 Desil 1-5 | Q55: 1
A56: 51 | B56: 3204321008 | C56: NANDANG SOPIAN | D56: L | E56: 3204320505950002 | F56: 3204321005160026 | G56: KP. PANYAWEUYAN RT 3 RW 16 | H56: WARGAMEKAR | I56: BALEENDAH | J56: KAB. BANDUNG | K56: JAWA BARAT | L56: PERDESAAN | M56: CUCUN AHMAD SYAMSURIJAL | N56: Belum Pernah menerima bantuan BSPS,FLPP dan BP2BT | O56: Tidak masuk backlog perumahan desil 1 | P56: Tidak masuk backlog perumahan | Q56: 1
A57: 52 | B57: 3204321008 | C57: M. YUSUF SAPUTRA | D57: L | E57: 3204320711980020 | F57: 3204152607210018 | G57: KP. KAWUNGSARI RT 7 RW 10 | H57: WARGAMEKAR | I57: BALEENDAH | J57: KAB. BANDUNG | K57: JAWA BARAT | L57: PERDESAAN | M57: CUCUN AHMAD SYAMSURIJAL | N57: Belum Pernah menerima bantuan BSPS,FLPP dan BP2BT | O57: Backlog 2 desil 4 | P57: Backlog 2 Desil 1-5 | Q57: 1
A58: 53 | B58: 3204321008 | C58: RUKMINI | D58: P | E58: 3204324511460004 | F58: 3204321911050077 | G58: KP.CIPARIA. RT 7 RW 5 | H58: WARGAMEKAR | I58: BALEENDAH | J58: KAB. BANDUNG | K58: JAWA BARAT | L58: PERDESAAN | M58: CUCUN AHMAD SYAMSURIJAL | N58: Belum Pernah menerima bantuan BSPS,FLPP dan BP2BT | O58: Backlog 2 desil 3 | P58: Backlog 2 Desil 1-5 | Q58: 1
A59: 54 | B59: 3204321008 | C59: SAROH HIDAYAT | D59: L | E59: 3204321708560021 | F59: 3204321306070012 | G59: KP. KAWUNGSARI RT 5 RW 7 | H59: WARGAMEKAR | I59: BALEENDAH | J59: KAB. BANDUNG | K59: JAWA BARAT | L59: PERDESAAN | M59: CUCUN AHMAD SYAMSURIJAL | N59: Belum Pernah menerima bantuan BSPS,FLPP dan BP2BT | O59: Tidak masuk backlog perumahan desil 3 | P59: Tidak masuk backlog perumahan | Q59: 1
A60: 55 | B60: 3204321008 | C60: DAHRI | D60: L | E60: 3204320602450003 | F60: 3204320305060039 | G60: KP.CILAYUNG RT 5 RW 4 | H60: WARGAMEKAR | I60: BALEENDAH | J60: KAB. BANDUNG | K60: JAWA BARAT | L60: PERDESAAN | M60: CUCUN AHMAD SYAMSURIJAL | N60: Belum Pernah menerima bantuan BSPS,FLPP dan BP2BT | P60: - | Q60: 1
A61: 56 | B61: 3204321008 | C61: DEDEN RAHMAT SOPIAN | D61: L | E61: 3204320801890001 | F61: 3204320311140023 | G61: KP. RANCAMANUK RT 6 RW 13 | H61: WARGAMEKAR | I61: BALEENDAH | J61: KAB. BANDUNG | K61: JAWA BARAT | L61: PERDESAAN | M61: CUCUN AHMAD SYAMSURIJAL | N61: Belum Pernah menerima bantuan BSPS,FLPP dan BP2BT | O61: Backlog 2 desil 3 | P61: Backlog 2 Desil 1-5 | Q61: 1
A62: 57 | B62: 3204132018 | C62: CACIH | D62: P | E62: 3204134507570001 | F62: 3204131712140005 | G62: SELAJAMI RT 04 RW 01 | H62: PASIRMULYA | I62: BANJARAN | J62: KAB. BANDUNG | K62: JAWA BARAT | L62: PERDESAAN | M62: CUCUN AHMAD SYAMSURIJAL | N62: Belum Pernah menerima bantuan BSPS,FLPP dan BP2BT | O62: Tidak masuk backlog perumahan desil 3 | P62: Tidak masuk backlog perumahan | Q62: 1 | R62: =SUM(Q62:Q76) -> 15
A63: 58 | B63: 3204132018 | C63: THERESIA RESMIASIH | D63: P | E63: 3204135808690002 | F63: 3204130504054321 | G63: KACA KACA DUA RT 01 RW 03 | H63: PASIRMULYA | I63: BANJARAN | J63: KAB. BANDUNG | K63: JAWA BARAT | L63: PERDESAAN | M63: CUCUN AHMAD SYAMSURIJAL | N63: Belum Pernah menerima bantuan BSPS,FLPP dan BP2BT | O63: Tidak masuk backlog perumahan desil 1 | P63: Tidak masuk backlog perumahan | Q63: 1
A64: 59 | B64: 3204132018 | C64: ASEP SAEPUL ANWAR | D64: L | E64: 3204130409920002 | F64: 3204130103180016 | G64: SUKARAHMAT RT 01 RW 05 | H64: PASIRMULYA | I64: BANJARAN | J64: KAB. BANDUNG | K64: JAWA BARAT | L64: PERDESAAN | M64: CUCUN AHMAD SYAMSURIJAL | N64: Belum Pernah menerima bantuan BSPS,FLPP dan BP2BT | O64: Backlog 1 desil 5 | P64: Backlog 1 Desil 1-5 | Q64: 1
A65: 60 | B65: 3204132018 | C65: ELAH | D65: P | E65: 3204134304730001 | F65: 3204130704055811 | G65: SIRNAGALIH RT 03 RW 06 | H65: PASIRMULYA | I65: BANJARAN | J65: KAB. BANDUNG | K65: JAWA BARAT | L65: PERDESAAN | M65: CUCUN AHMAD SYAMSURIJAL | N65: Belum Pernah menerima bantuan BSPS,FLPP dan BP2BT | O65: Backlog 2 desil 1 | P65: Backlog 2 Desil 1-5 | Q65: 1
A66: 61 | B66: 3204132018 | C66: APUD MAHPUDIN | D66: L | E66: 3204131005820016 | F66: 3204131804180020 | G66: KOLELEGA RT 01 RW 07 | H66: PASIRMULYA | I66: BANJARAN | J66: KAB. BANDUNG | K66: JAWA BARAT | L66: PERDESAAN | M66: CUCUN AHMAD SYAMSURIJAL | N66: Belum Pernah menerima bantuan BSPS,FLPP dan BP2BT | O66: Backlog 1 desil 4 | P66: Backlog 1 Desil 1-5 | Q66: 1
A67: 62 | B67: 3204132018 | C67: JANA | D67: L | E67: 3204133004610001 | F67: 3204131608120003 | G67: CINANGKA RT 03 Rw 10 | H67: PASIRMULYA | I67: BANJARAN | J67: KAB. BANDUNG | K67: JAWA BARAT | L67: PERDESAAN | M67: CUCUN AHMAD SYAMSURIJAL | N67: Belum Pernah menerima bantuan BSPS,FLPP dan BP2BT | O67: Backlog 2 desil 5 | P67: Backlog 2 Desil 1-5 | Q67: 1
A68: 63 | B68: 3204132018 | C68: NANDANG SUHENDI | D68: L | E68: 3204130108610003 | F68: 3204132408120040 | G68: KACA KACA DUA RT 03 RW 11 | H68: PASIRMULYA | I68: BANJARAN | J68: KAB. BANDUNG | K68: JAWA BARAT | L68: PERDESAAN | M68: CUCUN AHMAD SYAMSURIJAL | N68: Belum Pernah menerima bantuan BSPS,FLPP dan BP2BT | O68: Backlog 2 desil 1 | P68: Backlog 2 Desil 1-5 | Q68: 1
A69: 64 | B69: 3204132018 | C69: ADING | D69: L | E69: 3204130107590006 | F69: 3204130704054001 | G69: SIRNAGALIH RT 4 RW 6 | H69: PASIRMULYA | I69: BANJARAN | J69: KAB. BANDUNG | K69: JAWA BARAT | L69: PERDESAAN | M69: CUCUN AHMAD SYAMSURIJAL | N69: Belum Pernah menerima bantuan BSPS,FLPP dan BP2BT | O69: Tidak masuk backlog perumahan desil 6 | P69: Tidak masuk backlog perumahan | Q69: 1
A70: 65 | B70: 3204132018 | C70: AYI KOMARUDIN | D70: L | E70: 3204131602980005 | F70: 3204132211230008 | G70: KP. KOLELEGA RT 2 RW 9 | H70: PASIRMULYA | I70: BANJARAN | J70: KAB. BANDUNG | K70: JAWA BARAT | L70: PERDESAAN | M70: CUCUN AHMAD SYAMSURIJAL | N70: Belum Pernah menerima bantuan BSPS,FLPP dan BP2BT | O70: Tidak masuk backlog perumahan desil 5 | P70: Tidak masuk backlog perumahan | Q70: 1
A71: 66 | B71: 3204132018 | C71: UNDANG | D71: L | E71: 3204130302750011 | F71: 3204132509060107 | G71: KP. CINANGKA RT 3 RW 10 | H71: PASIRMULYA | I71: BANJARAN | J71: KAB. BANDUNG | K71: JAWA BARAT | L71: PERDESAAN | M71: CUCUN AHMAD SYAMSURIJAL | N71: Belum Pernah menerima bantuan BSPS,FLPP dan BP2BT | O71: Backlog 2 desil 2 | P71: Backlog 2 Desil 1-5 | Q71: 1
A72: 67 | B72: 3204132018 | C72: YOYOH ROHAETI | D72: P | E72: 3204135108600001 | F72: 3204130909220015 | G72: KP. BATUNANGTUNG RT 2 RW 8 | H72: PASIRMULYA | I72: BANJARAN | J72: KAB. BANDUNG | K72: JAWA BARAT | L72: PERDESAAN | M72: CUCUN AHMAD SYAMSURIJAL | N72: Belum Pernah menerima bantuan BSPS,FLPP dan BP2BT | O72: Backlog 2 desil 1 | P72: Backlog 2 Desil 1-5 | Q72: 1
A73: 68 | B73: 3204132018 | C73: SOPIYAN NUR ALAM | D73: L | E73: 3204130308010003 | F73: 3204130303230012 | G73: KP.MEKAR HAKULAH RT 3 RW 7 | H73: PASIRMULYA | I73: BANJARAN | J73: KAB. BANDUNG | K73: JAWA BARAT | L73: PERDESAAN | M73: CUCUN AHMAD SYAMSURIJAL | N73: Belum Pernah menerima bantuan BSPS,FLPP dan BP2BT | O73: Backlog 2 desil 1 | P73: Backlog 2 Desil 1-5 | Q73: 1
A74: 69 | B74: 3204132018 | C74: ATIK | D74: P | E74: 3204135501490001 | F74: 3204131710220008 | G74: KP. KACA KACA DUA RT 1 RW 4 | H74: PASIRMULYA | I74: BANJARAN | J74: KAB. BANDUNG | K74: JAWA BARAT | L74: PERDESAAN | M74: CUCUN AHMAD SYAMSURIJAL | N74: Belum Pernah menerima bantuan BSPS,FLPP dan BP2BT | O74: Backlog 2 desil 2 | P74: Backlog 2 Desil 1-5 | Q74: 1
... A76: 71 | B76: 3204132018 | C76: IYA RUSTIANA | D76: L | E76: 3204131611630002 | F76: 3204132112120035 | G76: KP.KOLELEGA RT 1 RW 9 | H76: PASIRMULYA | I76: BANJARAN | J76: KAB. BANDUNG | K76: JAWA BARAT | L76: PERDESAAN | M76: CUCUN AHMAD SYAMSURIJAL | N76: Belum Pernah menerima bantuan BSPS,FLPP dan BP2BT | O76: Backlog 2 desil 2 | P76: Backlog 2 Desil 1-5 | Q76: 1
A77: 72 | B77: 3204132006 | C77: KUSNADI | D77: L | E77: 3204172605850001 | F77: 3204132605160020 | G77: PATALA RT 01 RW 08 | H77: SINDANGPANON | I77: BANJARAN | J77: KAB. BANDUNG | K77: JAWA BARAT | L77: PERDESAAN | M77: CUCUN AHMAD SYAMSURIJAL | N77: Belum Pernah menerima bantuan BSPS,FLPP dan BP2BT | P77: - | Q77: 1 | R77: =SUM(Q77:Q89) -> 13
A78: 73 | B78: 3204132006 | C78: DEDI KOSWARA | D78: L | E78: 3204130809780002 | F78: 3204132201130030 | G78: BAYONGBONG RT 01 RW 10 | H78: SINDANGPANON | I78: BANJARAN | J78: KAB. BANDUNG | K78: JAWA BARAT | L78: PERDESAAN | M78: CUCUN AHMAD SYAMSURIJAL | N78: Belum Pernah menerima bantuan BSPS,FLPP dan BP2BT | P78: - | Q78: 1
A79: 74 | B79: 3204132006 | C79: ARIS ABDUL AZIZ | D79: L | E79: 3204131405990008 | F79: 3204132909220020 | G79: PAMOYANAN RT 01 RW 11 | H79: SINDANGPANON | I79: BANJARAN | J79: KAB. BANDUNG | K79: JAWA BARAT | L79: PERDESAAN | M79: CUCUN AHMAD SYAMSURIJAL | N79: Belum Pernah menerima bantuan BSPS,FLPP dan BP2BT | O79: Tidak masuk backlog perumahan desil 8 | P79: Tidak masuk backlog perumahan | Q79: 1
A80: 75 | B80: 3204132006 | C80: ADANG TOHYA | D80: L | E80: 3204130703610006 | F80: 3204130504057890 | G80: CIPARINGGA RT 04 RW 14 | H80: SINDANGPANON | I80: BANJARAN | J80: KAB. BANDUNG | K80: JAWA BARAT | L80: PERDESAAN | M80: CUCUN AHMAD SYAMSURIJAL | N80: Belum Pernah menerima bantuan BSPS,FLPP dan BP2BT | P80: - | Q80: 1
A81: 76 | B81: 3204132006 | C81: CECE SETIAWAN | D81: L | E81: 3204160209910004 | F81: 3204132404240011 | G81: KP. SINDANGPANON RT 3 RW 6 | H81: SINDANGPANON | I81: BANJARAN | J81: KAB. BANDUNG | K81: JAWA BARAT | L81: PERDESAAN | M81: CUCUN AHMAD SYAMSURIJAL | N81: Belum Pernah menerima bantuan BSPS,FLPP dan BP2BT | O81: Backlog 2 desil 5 | P81: Backlog 2 Desil 1-5 | Q81: 1
A82: 77 | B82: 3204132006 | C82: CECEP GINANJAR | D82: L | E82: 3204130301820016 | F82: 3204130311140018 | G82: KP. PATALA RT 1 RW 8 | H82: SINDANGPANON | I82: BANJARAN | J82: KAB. BANDUNG | K82: JAWA BARAT | L82: PERDESAAN | M82: CUCUN AHMAD SYAMSURIJAL | N82: Belum Pernah menerima bantuan BSPS,FLPP dan BP2BT | O82: Backlog 2 desil 4 | P82: Backlog 2 Desil 1-5 | Q82: 1
A83: 78 | B83: 3204132006 | C83: AGUS RANGGA SANTIKA | D83: L | E83: 3204162101920003 | F83: 3204133005210001 | G83: KP. SUKARAME RT 4 RW 1 | H83: SINDANGPANON | I83: BANJARAN | J83: KAB. BANDUNG | K83: JAWA BARAT | L83: PERDESAAN | M83: CUCUN AHMAD SYAMSURIJAL | N83: Belum Pernah menerima bantuan BSPS,FLPP dan BP2BT | O83: Backlog 2 desil 6 | P83: Backlog 2 Desil 6-10 | Q83: 1
A84: 79 | B84: 3204132006 | C84: ATEP | D84: L | E84: 3204130111010008 | F84: 3204130808220009 | G84: KP. SINDANGSARI RT 2 RW 3 | H84: SINDANGPANON | I84: BANJARAN | J84: KAB. BANDUNG | K84: JAWA BARAT | L84: PERDESAAN | M84: CUCUN AHMAD SYAMSURIJAL | N84: Belum Pernah menerima bantuan BSPS,FLPP dan BP2BT | O84: Backlog 2 desil 2 | P84: Backlog 2 Desil 1-5 | Q84: 1
A85: 80 | B85: 3204132006 | C85: RIZKI DINHARI | D85: L | E85: 3206051507030002 | F85: 3204131008220003 | G85: PERUM. PERMATA SINDANGPANON RT 6 RW 15 | H85: SINDANGPANON | I85: BANJARAN | J85: KAB. BANDUNG | K85: JAWA BARAT | L85: PERDESAAN | M85: CUCUN AHMAD SYAMSURIJAL | N85: Belum Pernah menerima bantuan BSPS,FLPP dan BP2BT | O85: Backlog 2 desil 5 | P85: Backlog 2 Desil 1-5 | Q85: 1
A86: 81 | B86: 3204132006 | C86: RUDI RUSDIANA | D86: L | E86: 3204131702740011 | F86: 3204130609060022 | G86: BOJONG RT 2 RW 6 | H86: SINDANGPANON | I86: BANJARAN | J86: KAB. BANDUNG | K86: JAWA BARAT | L86: PERDESAAN | M86: CUCUN AHMAD SYAMSURIJAL | N86: Belum Pernah menerima bantuan BSPS,FLPP dan BP2BT | O86: Backlog 2 desil 2 | P86: Backlog 2 Desil 1-5 | Q86: 1
A87: 82 | B87: 3204132006 | C87: SIHOMBING | D87: L | E87: 3204131004460001 | F87: 3204130504059758 | G87: SUKARAME II RT 3 RW 1 | H87: SINDANGPANON | I87: BANJARAN | J87: KAB. BANDUNG | K87: JAWA BARAT | L87: PERDESAAN | M87: CUCUN AHMAD SYAMSURIJAL | N87: Belum Pernah menerima bantuan BSPS,FLPP dan BP2BT | O87: Tidak masuk backlog perumahan desil 5 | P87: Tidak masuk backlog perumahan | Q87: 1
A88: 83 | B88: 3204132006 | C88: AGUS ZUTIKA | D88: L | E88: 3204132012850001 | F88: 3204132710120036 | G88: KP. SINDANGPANON RT 4 RW 7 | H88: SINDANGPANON | I88: BANJARAN | J88: KAB. BANDUNG | K88: JAWA BARAT | L88: PERDESAAN | M88: CUCUN AHMAD SYAMSURIJAL | N88: Belum Pernah menerima bantuan BSPS,FLPP dan BP2BT | O88: Backlog 2 desil 4 | P88: Backlog 2 Desil 1-5 | Q88: 1
A89: 84 | B89: 3204132006 | C89: WAWAN ISWANDI | D89: L | E89: 3204133011770001 | F89: 3204131305130101 | G89: KP.PAMOYANAN RT 3 RW 11 | H89: SINDANGPANON | I89: BANJARAN | J89: KAB. BANDUNG | K89: JAWA BARAT | L89: PERDESAAN | M89: CUCUN AHMAD SYAMSURIJAL | N89: Belum Pernah menerima bantuan BSPS,FLPP dan BP2BT | O89: Backlog 2 desil 2 | P89: Backlog 2 Desil 1-5 | Q89: 1
A90: 85 | B90: 3204082002 | C90: JUJU JUHENDI | D90: L | E90: 3204080809680002 | F90: 3204083105051103 | G90: BOJONGSOANG 04/01 | H90: BOJONGSOANG | I90: BOJONGSOANG | J90: KAB. BANDUNG | K90: JAWA BARAT | L90: PERDESAAN | M90: CUCUN AHMAD SYAMSURIJAL | N90: Belum Pernah menerima bantuan BSPS,FLPP dan BP2BT | O90: Backlog 2 desil 4 | P90: Backlog 2 Desil 1-5 | Q90: 1 | R90: =SUM(Q90:Q101) -> 12
A91: 86 | B91: 3204082002 | C91: DENI SARIFFUDIN | D91: L | E91: 3204081902930007 | F91: 3204081009140027 | G91: CIJAGRA 07/10 | H91: BOJONGSOANG | I91: BOJONGSOANG | J91: KAB. BANDUNG | K91: JAWA BARAT | L91: PERDESAAN | M91: CUCUN AHMAD SYAMSURIJAL | N91: Belum Pernah menerima bantuan BSPS,FLPP dan BP2BT | O91: Tidak masuk backlog perumahan desil 5 | P91: Tidak masuk backlog perumahan | Q91: 1
A92: 87 | B92: 3204082002 | C92: JUJU JUARIAH | D92: P | E92: 3204084609670006 | F92: 3204082111070017 | G92: CIJAGRA 01/17 | H92: BOJONGSOANG | I92: BOJONGSOANG | J92: KAB. BANDUNG | K92: JAWA BARAT | L92: PERDESAAN | M92: CUCUN AHMAD SYAMSURIJAL | N92: Belum Pernah menerima bantuan BSPS,FLPP dan BP2BT | O92: Backlog 2 desil 5 | P92: Backlog 2 Desil 1-5 | Q92: 1
A93: 88 | B93: 3204082002 | C93: SOPIAH | D93: P | E93: 3204085706470001 | F93: 3204082803190003 | G93: CIJAGRA 02/10 | H93: BOJONGSOANG | I93: BOJONGSOANG | J93: KAB. BANDUNG | K93: JAWA BARAT | L93: PERDESAAN | M93: CUCUN AHMAD SYAMSURIJAL | N93: Belum Pernah menerima bantuan BSPS,FLPP dan BP2BT | O93: Tidak masuk backlog perumahan desil 4 | P93: Tidak masuk backlog perumahan | Q93: 1
A94: 89 | B94: 3204082002 | C94: TISNA SONJAYA | D94: L | E94: 3204080102780020 | F94: 3204082604055871 | G94: CIJAGRA 01/09 | H94: BOJONGSOANG | I94: BOJONGSOANG | J94: KAB. BANDUNG | K94: JAWA BARAT | L94: PERDESAAN | M94: CUCUN AHMAD SYAMSURIJAL | N94: Belum Pernah menerima bantuan BSPS,FLPP dan BP2BT | O94: Backlog 2 desil 1 | P94: Backlog 2 Desil 1-5 | Q94: 1
A95: 90 | B95: 3204082002 | C95: DUDI | D95: L | E95: 3204080708810008 | F95: 3204081911120016 | G95: CIKONENG 03/08 | H95: BOJONGSOANG | I95: BOJONGSOANG | J95: KAB. BANDUNG | K95: JAWA BARAT | L95: PERDESAAN | M95: CUCUN AHMAD SYAMSURIJAL | N95: Belum Pernah menerima bantuan BSPS,FLPP dan BP2BT | O95: Tidak masuk backlog perumahan desil 5 | P95: Tidak masuk backlog perumahan | Q95: 1
A96: 91 | B96: 3204082002 | C96: ASEP SUMARNA | D96: L | E96: 3204080404710008 | F96: 3204083105050866 | G96: BOJONGSOANG RT 2 RW 2 | H96: BOJONGSOANG | I96: BOJONGSOANG | J96: KAB. BANDUNG | K96: JAWA BARAT | L96: PERDESAAN | M96: CUCUN AHMAD SYAMSURIJAL | N96: Belum Pernah menerima bantuan BSPS,FLPP dan BP2BT | O96: Backlog 2 desil 4 | P96: Backlog 2 Desil 1-5 | Q96: 1
A97: 92 | B97: 3204082002 | C97: ENDANG KUSNADI | D97: L | E97: 3204081703650001 | F97: 3204082604055049 | G97: BOJONG SOANG RT 4 RW 3 | H97: BOJONGSOANG | I97: BOJONGSOANG | J97: KAB. BANDUNG | K97: JAWA BARAT | L97: PERDESAAN | M97: CUCUN AHMAD SYAMSURIJAL | N97: Belum Pernah menerima bantuan BSPS,FLPP dan BP2BT | O97: Backlog 2 desil 3 | P97: Backlog 2 Desil 1-5 | Q97: 1
A98: 93 | B98: 3204082002 | C98: AGUS MULYADI | D98: L | E98: 3273040808720003 | F98: 3204082107200010 | G98: JL. BOJONGSOANG GG AL-MANSYUR RT 7 RW 3 | H98: BOJONGSOANG | I98: BOJONGSOANG | J98: KAB. BANDUNG | K98: JAWA BARAT | L98: PERDESAAN | M98: CUCUN AHMAD SYAMSURIJAL | N98: Belum Pernah menerima bantuan BSPS,FLPP dan BP2BT | O98: Backlog 2 desil 3 | P98: Backlog 2 Desil 1-5 | Q98: 1
A99: 94 | B99: 3204082002 | C99: DUWI PRASETIO | D99: L | E99: 3204082709950001 | F99: 3204082908180003 | G99: JL CIKONENG RT 7 RW 7 | H99: BOJONGSOANG | I99: BOJONGSOANG | J99: KAB. BANDUNG | K99: JAWA BARAT | L99: PERDESAAN | M99: CUCUN AHMAD SYAMSURIJAL | N99: Belum Pernah menerima bantuan BSPS,FLPP dan BP2BT | O99: Tidak masuk backlog perumahan desil 4 | P99: Tidak masuk backlog perumahan | Q99: 1
A100: 95 | B100: 3204082002 | C100: IYAN SUPIANDI | D100: L | E100: 3204082711530001 | F100: 3204082504055742 | G100: BOJONGSOANG RT 6 RW 12 | H100: BOJONGSOANG | I100: BOJONGSOANG | J100: KAB. BANDUNG | K100: JAWA BARAT | L100: PERDESAAN | M100: CUCUN AHMAD SYAMSURIJAL | N100: Belum Pernah menerima bantuan BSPS,FLPP dan BP2BT | O100: Backlog 2 desil 3 | P100: Backlog 2 Desil 1-5 | Q100: 1
A101: 96 | B101: 3204082002 | C101: AEPUDIN | D101: L | E101: 3204080206690009 | F101: 3204082504058899 | G101: KP. CIKONENG. RT 1 RW 7 | H101: BOJONGSOANG | I101: BOJONGSOANG | J101: KAB. BANDUNG | K101: JAWA BARAT | L101: PERDESAAN | M101: CUCUN AHMAD SYAMSURIJAL | N101: Belum Pernah menerima bantuan BSPS,FLPP dan BP2BT | O101: Backlog 2 desil 2 | P101: Backlog 2 Desil 1-5 | Q101: 1
A102: 97 | B102: 3204252003 | C102: SULAEMAN | D102: L | E102: 3204250303650001 | F102: 3204251912060027 | G102: Kp. Babakan Peuteuy RT 003 RW 008 | H102: BABAKAN PEUTEUY | I102: CICALENGKA | J102: KAB. BANDUNG | K102: JAWA BARAT | L102: PERDESAAN | M102: CUCUN AHMAD SYAMSURIJAL | N102: Belum Pernah menerima bantuan BSPS,FLPP dan BP2BT | O102: Backlog 1 desil 2 | P102: Backlog 1 Desil 1-5 | Q102: 1 | R102: =SUM(Q102:Q111) -> 10
...

Sheet DATA PERDESA
A1: No | B1: Nama Desa | C1: Nama Kecamatan | D1: Jumlah Alokasi | E1: TOTAL ALOKASI | F1: TFL Teknik | G1: TFL Pemberdayaan | H1: Kontak PIC Lapangan | I1: Nama PIC Lapangan
A2: 1 | B2: ='PROV. JAWA BARAT'!H6 -> ARJASARI | C2: ='PROV. JAWA BARAT'!I6 -> ARJASARI | D2: ='PROV. JAWA BARAT'!R6 -> 14 | E2: =SUM(D2:D5) -> 55 | F2: Restha Rizky Fazriani | G2: Rizky Diyah Purwanti
A3: 2 | B3: ='PROV. JAWA BARAT'!H20 -> RANCAKOLE | C3: ='PROV. JAWA BARAT'!I20 -> ARJASARI | D3: ='PROV. JAWA BARAT'!R20 -> 13
A4: 5 | B4: ='PROV. JAWA BARAT'!H62 -> PASIRMULYA | C4: ='PROV. JAWA BARAT'!I62 -> BANJARAN | D4: ='PROV. JAWA BARAT'!R62 -> 15
A5: 6 | B5: ='PROV. JAWA BARAT'!H77 -> SINDANGPANON | C5: ='PROV. JAWA BARAT'!I77 -> BANJARAN | D5: ='PROV. JAWA BARAT'!R77 -> 13
A6: 3 | B6: ='PROV. JAWA BARAT'!H33 -> JELEKONG | C6: ='PROV. JAWA BARAT'!I33 -> BALEENDAH | D6: ='PROV. JAWA BARAT'!R33 -> 14 | E6: =SUM(D6:D9) -> 52 | F6: Karina Salsabila | G6: Asri Indah Lestari Nuraeni
A7: 4 | B7: ='PROV. JAWA BARAT'!H47 -> WARGAMEKAR | C7: ='PROV. JAWA BARAT'!I47 -> BALEENDAH | D7: ='PROV. JAWA BARAT'!R47 -> 15
A8: 22 | B8: ='PROV. JAWA BARAT'!H301 -> SUKAPURA | C8: ='PROV. JAWA BARAT'!I301 -> DAYEUHKOLOT | D8: ='PROV. JAWA BARAT'!R301 -> 11
A9: 7 | B9: ='PROV. JAWA BARAT'!H90 -> BOJONGSOANG | C9: ='PROV. JAWA BARAT'!I90 -> BOJONGSOANG | D9: ='PROV. JAWA BARAT'!R90 -> 12
A10: 12 | B10: ='PROV. JAWA BARAT'!H165 -> CILENGKRANG | C10: ='PROV. JAWA BARAT'!I165 -> CILENGKRANG | D10: ='PROV. JAWA BARAT'!R165 -> 13 | E10: =SUM(D10:D13) -> 52 | F10: Aris Soleh Solihin | G10: Maryana Saumi Ulfah
A11: 13 | B11: ='PROV. JAWA BARAT'!H178 -> GIRIMEKAR | C11: ='PROV. JAWA BARAT'!I178 -> CILENGKRANG | D11: ='PROV. JAWA BARAT'!R178 -> 15
A12: 16 | B12: ='PROV. JAWA BARAT'!H224 -> CIBEUNYING | C12: ='PROV. JAWA BARAT'!I224 -> CIMENYAN | D12: ='PROV. JAWA BARAT'!R224 -> 14
A13: 17 | B13: ='PROV. JAWA BARAT'!H238 -> MEKARSALUYU | C13: ='PROV. JAWA BARAT'!I238 -> CIMENYAN | D13: ='PROV. JAWA BARAT'!R238 -> 10
A14: 27 | B14: ='PROV. JAWA BARAT'!H367 -> GAJAH MEKAR | C14: ='PROV. JAWA BARAT'!I367 -> KUTAWARINGIN | D14: ='PROV. JAWA BARAT'!R367 -> 19 | E14: =SUM(D14:D16) -> 51 | F14: Rike Rindiany | G14: Maulana Hasan
A15: 28 | B15: ='PROV. JAWA BARAT'!H386 -> JATISARI | C15: ='PROV. JAWA BARAT'!I386 -> KUTAWARINGIN | D15: ='PROV. JAWA BARAT'!R386 -> 16
A16: 32 | B16: ='PROV. JAWA BARAT'!H447 -> CIGONDEWAH HILIR | C16: ='PROV. JAWA BARAT'!I447 -> MARGAASIH | D16: ='PROV. JAWA BARAT'!R447 -> 16
A17: 41 | B17: ='PROV. JAWA BARAT'!H584 -> ALAMENDAH | C17: ='PROV. JAWA BARAT'!I584 -> RANCABALI | D17: ='PROV. JAWA BARAT'!R584 -> 13 | E17: =SUM(D17:D21) -> 59 | F17: Muh Ridwan Adipratama
A18: 42 | B18: ='PROV. JAWA BARAT'!H597 -> CIPELAH | C18: ='PROV. JAWA BARAT'!I597 -> RANCABALI | D18: ='PROV. JAWA BARAT'!R597 -> 13
A19: 20 | B19: ='PROV. JAWA BARAT'!H278 -> CIWIDEY | C19: ='PROV. JAWA BARAT'!I278 -> CIWIDEY | D19: ='PROV. JAWA BARAT'!R278 -> 8
A20: 21 | B20: ='PROV. JAWA BARAT'!H286 -> RAWABOGO | C20: ='PROV. JAWA BARAT'!I286 -> CIWIDEY | D20: ='PROV. JAWA BARAT'!R286 -> 15
A21: 39 | B21: ='PROV. JAWA BARAT'!H562 -> CIBODAS | C21: ='PROV. JAWA BARAT'!I562 -> PASIRJAMBU | D21: ='PROV. JAWA BARAT'!R569 -> 10
A22: 8 | B22: ='PROV. JAWA BARAT'!H102 -> BABAKAN PEUTEUY | C22: ='PROV. JAWA BARAT'!I102 -> CICALENGKA | D22: ='PROV. JAWA BARAT'!R102 -> 10 | E22: =SUM(D22:D24) -> 49 | G22: Leila Nursaileha
A23: 9 | B23: ='PROV. JAWA BARAT'!H112 -> TANJUNGWANGI | C23: ='PROV. JAWA BARAT'!I112 -> CICALENGKA | D23: ='PROV. JAWA BARAT'!R112 -> 19
A24: 10 | B24: ='PROV. JAWA BARAT'!H131 -> CIHANYIR | C24: ='PROV. JAWA BARAT'!I131 -> CIKANCUNG | D24: ='PROV. JAWA BARAT'!R131 -> 20
A25: 18 | B25: ='PROV. JAWA BARAT'!H248 -> SARIMAHI | C25: ='PROV. JAWA BARAT'!I248 -> CIPARAY | D25: ='PROV. JAWA BARAT'!R248 -> 15 | E25: =SUM(D25:D27) -> 49 | F25: Casare Adi Nugraha | G25: Septian Kurnia Sandi
A26: 19 | B26: ='PROV. JAWA BARAT'!H263 -> SUMBERSARI | C26: ='PROV. JAWA BARAT'!I263 -> CIPARAY | D26: ='PROV. JAWA BARAT'!R263 -> 15
A27: 30 | B27: ='PROV. JAWA BARAT'!H415 -> MAJASETRA | C27: ='PROV. JAWA BARAT'!I415 -> MAJALAYA | D27: ='PROV. JAWA BARAT'!R415 -> 19
A28: 14 | B28: ='PROV. JAWA BARAT'!H193 -> CILEUNYI KULON | C28: ='PROV. JAWA BARAT'!I193 -> CILEUNYI | D28: ='PROV. JAWA BARAT'!R193 -> 15 | E28: =SUM(D28:D30) -> 49 | G28: Mohamad Sandy Suhendar
A29: 11 | B29: ='PROV. JAWA BARAT'!H151 -> CILULUK | C29: ='PROV. JAWA BARAT'!I151 -> CIKANCUNG | D29: ='PROV. JAWA BARAT'!R151 -> 14
A30: 33 | B30: ='PROV. JAWA BARAT'!H463 -> CIARO | C30: ='PROV. JAWA BARAT'!I463 -> NAGREG | D30: ='PROV. JAWA BARAT'!R463 -> 20
A31: 23 | B31: ='PROV. JAWA BARAT'!H312 -> CIBEET | C31: ='PROV. JAWA BARAT'!I312 -> IBUN | D31: ='PROV. JAWA BARAT'!R312 -> 15 | E31: =SUM(D31:D33) -> 50 | F31: Riska Arie Haryanti | G31: Ujang Supriatna
A32: 24 | B32: ='PROV. JAWA BARAT'!H327 -> LAMPEGAN | C32: ='PROV. JAWA BARAT'!I327 -> IBUN | D32: ='PROV. JAWA BARAT'!R327 -> 15
A33: 38 | B33: ='PROV. JAWA BARAT'!H542 -> LOA | C33: ='PROV. JAWA BARAT'!I542 -> PASEH | D33: ='PROV. JAWA BARAT'!R542 -> 20
A34: 43 | B34: ='PROV. JAWA BARAT'!H610 -> BOJONGEMAS | C34: ='PROV. JAWA BARAT'!I610 -> SOLOKANJERUK | D34: ='PROV. JAWA BARAT'!R610 -> 15 | E34: =SUM(D34:D36) -> 50 | G34: Sri Sayekti
A35: 44 | B35: ='PROV. JAWA BARAT'!H625 -> CIBODAS | C35: ='PROV. JAWA BARAT'!I625 -> SOLOKANJERUK | D35: ='PROV. JAWA BARAT'!R625 -> 15
A36: 45 | B36: ='PROV. JAWA BARAT'!H640 -> PADAMUKTI | C36: ='PROV. JAWA BARAT'!I640 -> SOLOKANJERUK | D36: ='PROV. JAWA BARAT'!R640 -> 20
A37: 46 | B37: ='PROV. JAWA BARAT'!H660 -> PANYADAP | C37: ='PROV. JAWA BARAT'!I660 -> SOLOKANJERUK | D37: ='PROV. JAWA BARAT'!R660 -> 21 | E37: =SUM(D37:D39) -> 54 | F37: Triadi Alamsyah | G37: Lathifah Nasayyidah Sopiah
A38: 29 | B38: ='PROV. JAWA BARAT'!H402 -> MAJAKERTA | C38: ='PROV. JAWA BARAT'!I402 -> MAJALAYA | D38: ='PROV. JAWA BARAT'!R402 -> 14
A39: 35 | B39: ='PROV. JAWA BARAT'!H500 -> PANGAUBAN | C39: ='PROV. JAWA BARAT'!I500 -> PACET | D39: ='PROV. JAWA BARAT'!R500 -> 19
A40: 25 | B40: ='PROV. JAWA BARAT'!H342 -> CIKEMBANG | C40: ='PROV. JAWA BARAT'!I342 -> KERTASARI | D40: ='PROV. JAWA BARAT'!R342 -> 12 | E40: =SUM(D40:D43) -> 54 | F40: Arizal M Saleh | G40: Fikri Muhamad Ikbal
A41: 26 | B41: ='PROV. JAWA BARAT'!H354 -> TARUMAJAYA | C41: ='PROV. JAWA BARAT'!I354 -> KERTASARI | D41: ='PROV. JAWA BARAT'!R354 -> 13
A42: 34 | B42: ='PROV. JAWA BARAT'!H483 -> CIKAWAO | C42: ='PROV. JAWA BARAT'!I483 -> PACET | D42: ='PROV. JAWA BARAT'!R483 -> 17
A43: 31 | B43: ='PROV. JAWA BARAT'!H434 -> SUKAMAJU | C43: ='PROV. JAWA BARAT'!I434 -> MAJALAYA | D43: ='PROV. JAWA BARAT'!R434 -> 12
A44: 15 | B44: ='PROV. JAWA BARAT'!H208 -> PASIRHUNI | C44: ='PROV. JAWA BARAT'!I208 -> CIMAUNG | D44: ='PROV. JAWA BARAT'!R208 -> 16 | E44: =SUM(D44:D47) -> 51 | F44: Andra Abdul Rendra | G44: Ambarwati Rahayu
A45: 36 | B45: ='PROV. JAWA BARAT'!H519 -> LAMAJANG | C45: ='PROV. JAWA BARAT'!I519 -> PANGALENGAN | D45: ='PROV. JAWA BARAT'!R519 -> 15
A46: 37 | B46: ='PROV. JAWA BARAT'!H534 -> PULOSARI | C46: ='PROV. JAWA BARAT'!I534 -> PANGALENGAN | D46: ='PROV. JAWA BARAT'!R534 -> 8
A47: 40 | B47: ='PROV. JAWA BARAT'!H563 -> CISONDARI | C47: ='PROV. JAWA BARAT'!I563 -> PASIRJAMBU | D47: ='PROV. JAWA BARAT'!R563 -> 12
D75: =SUM(D2:D73) -> 675

Sheet DATA PERKECAMATAN
A1: No | B1: Nama Desa | C1: Nama Kecamatan | D1: Jumlah Alokasi | E1: Alokasi perkecamatan
A2: 1 | B2: ='PROV. JAWA BARAT'!H6 -> ARJASARI | C2: ='PROV. JAWA BARAT'!I6 -> ARJASARI | D2: ='PROV. JAWA BARAT'!R6 -> 14 | E2: =SUM(D2:D3) -> 27
A3: 2 | B3: ='PROV. JAWA BARAT'!H20 -> RANCAKOLE | C3: ='PROV. JAWA BARAT'!I20 -> ARJASARI | D3: ='PROV. JAWA BARAT'!R20 -> 13
A4: 3 | B4: ='PROV. JAWA BARAT'!H33 -> JELEKONG | C4: ='PROV. JAWA BARAT'!I33 -> BALEENDAH | D4: ='PROV. JAWA BARAT'!R33 -> 14 | E4: =SUM(D4:D5) -> 29
A5: 4 | B5: ='PROV. JAWA BARAT'!H47 -> WARGAMEKAR | C5: ='PROV. JAWA BARAT'!I47 -> BALEENDAH | D5: ='PROV. JAWA BARAT'!R47 -> 15
A6: 5 | B6: ='PROV. JAWA BARAT'!H62 -> PASIRMULYA | C6: ='PROV. JAWA BARAT'!I62 -> BANJARAN | D6: ='PROV. JAWA BARAT'!R62 -> 15 | E6: =SUM(D6:D7) -> 28
A7: 6 | B7: ='PROV. JAWA BARAT'!H77 -> SINDANGPANON | C7: ='PROV. JAWA BARAT'!I77 -> BANJARAN | D7: ='PROV. JAWA BARAT'!R77 -> 13
A8: 7 | B8: ='PROV. JAWA BARAT'!H90 -> BOJONGSOANG | C8: ='PROV. JAWA BARAT'!I90 -> BOJONGSOANG | D8: ='PROV. JAWA BARAT'!R90 -> 12 | E8: =D8 -> 12
A9: 8 | B9: ='PROV. JAWA BARAT'!H102 -> BABAKAN PEUTEUY | C9: ='PROV. JAWA BARAT'!I102 -> CICALENGKA | D9: ='PROV. JAWA BARAT'!R102 -> 10 | E9: =SUM(D9:D10) -> 29
A10: 9 | B10: ='PROV. JAWA BARAT'!H112 -> TANJUNGWANGI | C10: ='PROV. JAWA BARAT'!I112 -> CICALENGKA | D10: ='PROV. JAWA BARAT'!R112 -> 19
A11: 10 | B11: ='PROV. JAWA BARAT'!H131 -> CIHANYIR | C11: ='PROV. JAWA BARAT'!I131 -> CIKANCUNG | D11: ='PROV. JAWA BARAT'!R131 -> 20 | E11: =SUM(D11:D12) -> 34
A12: 11 | B12: ='PROV. JAWA BARAT'!H151 -> CILULUK | C12: ='PROV. JAWA BARAT'!I151 -> CIKANCUNG | D12: ='PROV. JAWA BARAT'!R151 -> 14
A13: 12 | B13: ='PROV. JAWA BARAT'!H165 -> CILENGKRANG | C13: ='PROV. JAWA BARAT'!I165 -> CILENGKRANG | D13: ='PROV. JAWA BARAT'!R165 -> 13 | E13: =SUM(D13:D14) -> 28
A14: 13 | B14: ='PROV. JAWA BARAT'!H178 -> GIRIMEKAR | C14: ='PROV. JAWA BARAT'!I178 -> CILENGKRANG | D14: ='PROV. JAWA BARAT'!R178 -> 15
A15: 14 | B15: ='PROV. JAWA BARAT'!H193 -> CILEUNYI KULON | C15: ='PROV. JAWA BARAT'!I193 -> CILEUNYI | D15: ='PROV. JAWA BARAT'!R193 -> 15 | E15: =D15 -> 15
A16: 15 | B16: ='PROV. JAWA BARAT'!H208 -> PASIRHUNI | C16: ='PROV. JAWA BARAT'!I208 -> CIMAUNG | D16: ='PROV. JAWA BARAT'!R208 -> 16 | E16: =D16 -> 16
A17: 16 | B17: ='PROV. JAWA BARAT'!H224 -> CIBEUNYING | C17: ='PROV. JAWA BARAT'!I224 -> CIMENYAN | D17: ='PROV. JAWA BARAT'!R224 -> 14 | E17: =SUM(D17:D18) -> 24
A18: 17 | B18: ='PROV. JAWA BARAT'!H238 -> MEKARSALUYU | C18: ='PROV. JAWA BARAT'!I238 -> CIMENYAN | D18: ='PROV. JAWA BARAT'!R238 -> 10
A19: 18 | B19: ='PROV. JAWA BARAT'!H248 -> SARIMAHI | C19: ='PROV. JAWA BARAT'!I248 -> CIPARAY | D19: ='PROV. JAWA BARAT'!R248 -> 15 | E19: =SUM(D19:D20) -> 30
A20: 19 | B20: ='PROV. JAWA BARAT'!H263 -> SUMBERSARI | C20: ='PROV. JAWA BARAT'!I263 -> CIPARAY | D20: ='PROV. JAWA BARAT'!R263 -> 15
A21: 20 | B21: ='PROV. JAWA BARAT'!H278 -> CIWIDEY | C21: ='PROV. JAWA BARAT'!I278 -> CIWIDEY | D21: ='PROV. JAWA BARAT'!R278 -> 8 | E21: =SUM(D21:D22) -> 23
A22: 21 | B22: ='PROV. JAWA BARAT'!H286 -> RAWABOGO | C22: ='PROV. JAWA BARAT'!I286 -> CIWIDEY | D22: ='PROV. JAWA BARAT'!R286 -> 15
A23: 22 | B23: ='PROV. JAWA BARAT'!H301 -> SUKAPURA | C23: ='PROV. JAWA BARAT'!I301 -> DAYEUHKOLOT | D23: ='PROV. JAWA BARAT'!R301 -> 11 | E23: =D23 -> 11
A24: 23 | B24: ='PROV. JAWA BARAT'!H312 -> CIBEET | C24: ='PROV. JAWA BARAT'!I312 -> IBUN | D24: ='PROV. JAWA BARAT'!R312 -> 15 | E24: =SUM(D24:D25) -> 30
A25: 24 | B25: ='PROV. JAWA BARAT'!H327 -> LAMPEGAN | C25: ='PROV. JAWA BARAT'!I327 -> IBUN | D25: ='PROV. JAWA BARAT'!R327 -> 15
A26: 25 | B26: ='PROV. JAWA BARAT'!H342 -> CIKEMBANG | C26: ='PROV. JAWA BARAT'!I342 -> KERTASARI | D26: ='PROV. JAWA BARAT'!R342 -> 12 | E26: =SUM(D26:D27) -> 25
A27: 26 | B27: ='PROV. JAWA BARAT'!H354 -> TARUMAJAYA | C27: ='PROV. JAWA BARAT'!I354 -> KERTASARI | D27: ='PROV. JAWA BARAT'!R354 -> 13
A28: 27 | B28: ='PROV. JAWA BARAT'!H367 -> GAJAH MEKAR | C28: ='PROV. JAWA BARAT'!I367 -> KUTAWARINGIN | D28: ='PROV. JAWA BARAT'!R367 -> 19 | E28: =SUM(D28:D29) -> 35
A29: 28 | B29: ='PROV. JAWA BARAT'!H386 -> JATISARI | C29: ='PROV. JAWA BARAT'!I386 -> KUTAWARINGIN | D29: ='PROV. JAWA BARAT'!R386 -> 16
A30: 29 | B30: ='PROV. JAWA BARAT'!H402 -> MAJAKERTA | C30: ='PROV. JAWA BARAT'!I402 -> MAJALAYA | D30: ='PROV. JAWA BARAT'!R402 -> 14 | E30: =SUM(D30:D32) -> 45
A31: 30 | B31: ='PROV. JAWA BARAT'!H415 -> MAJASETRA | C31: ='PROV. JAWA BARAT'!I415 -> MAJALAYA | D31: ='PROV. JAWA BARAT'!R415 -> 19
A32: 31 | B32: ='PROV. JAWA BARAT'!H434 -> SUKAMAJU | C32: ='PROV. JAWA BARAT'!I434 -> MAJALAYA | D32: ='PROV. JAWA BARAT'!R434 -> 12
A33: 32 | B33: ='PROV. JAWA BARAT'!H447 -> CIGONDEWAH HILIR | C33: ='PROV. JAWA BARAT'!I447 -> MARGAASIH | D33: ='PROV. JAWA BARAT'!R447 -> 16 | E33: =D33 -> 16
A34: 33 | B34: ='PROV. JAWA BARAT'!H463 -> CIARO | C34: ='PROV. JAWA BARAT'!I463 -> NAGREG | D34: ='PROV. JAWA BARAT'!R463 -> 20 | E34: =D34 -> 20
A35: 34 | B35: ='PROV. JAWA BARAT'!H483 -> CIKAWAO | C35: ='PROV. JAWA BARAT'!I483 -> PACET | D35: ='PROV. JAWA BARAT'!R483 -> 17 | E35: =SUM(D35:D36) -> 36
A36: 35 | B36: ='PROV. JAWA BARAT'!H500 -> PANGAUBAN | C36: ='PROV. JAWA BARAT'!I500 -> PACET | D36: ='PROV. JAWA BARAT'!R500 -> 19
A37: 36 | B37: ='PROV. JAWA BARAT'!H519 -> LAMAJANG | C37: ='PROV. JAWA BARAT'!I519 -> PANGALENGAN | D37: ='PROV. JAWA BARAT'!R519 -> 15 | E37: =SUM(D37:D38) -> 23
A38: 37 | B38: ='PROV. JAWA BARAT'!H534 -> PULOSARI | C38: ='PROV. JAWA BARAT'!I534 -> PANGALENGAN | D38: ='PROV. JAWA BARAT'!R534 -> 8
A39: 38 | B39: ='PROV. JAWA BARAT'!H542 -> LOA | C39: ='PROV. JAWA BARAT'!I542 -> PASEH | D39: ='PROV. JAWA BARAT'!R542 -> 20 | E39: =D39 -> 20
A40: 39 | B40: ='PROV. JAWA BARAT'!H562 -> CIBODAS | C40: ='PROV. JAWA BARAT'!I562 -> PASIRJAMBU | D40: ='PROV. JAWA BARAT'!R569 -> 10 | E40: =SUM(D40:D41) -> 22
A41: 40 | B41: ='PROV. JAWA BARAT'!H563 -> CISONDARI | C41: ='PROV. JAWA BARAT'!I563 -> PASIRJAMBU | D41: ='PROV. JAWA BARAT'!R563 -> 12
A42: 41 | B42: ='PROV. JAWA BARAT'!H584 -> ALAMENDAH | C42: ='PROV. JAWA BARAT'!I584 -> RANCABALI | D42: ='PROV. JAWA BARAT'!R584 -> 13 | E42: =SUM(D42:D43) -> 26
A43: 42 | B43: ='PROV. JAWA BARAT'!H597 -> CIPELAH | C43: ='PROV. JAWA BARAT'!I597 -> RANCABALI | D43: ='PROV. JAWA BARAT'!R597 -> 13
A44: 43 | B44: ='PROV. JAWA BARAT'!H610 -> BOJONGEMAS | C44: ='PROV. JAWA BARAT'!I610 -> SOLOKANJERUK | D44: ='PROV. JAWA BARAT'!R610 -> 15 | E44: =SUM(D44:D47) -> 71
A45: 44 | B45: ='PROV. JAWA BARAT'!H625 -> CIBODAS | C45: ='PROV. JAWA BARAT'!I625 -> SOLOKANJERUK | D45: ='PROV. JAWA BARAT'!R625 -> 15
A46: 45 | B46: ='PROV. JAWA BARAT'!H640 -> PADAMUKTI | C46: ='PROV. JAWA BARAT'!I640 -> SOLOKANJERUK | D46: ='PROV. JAWA BARAT'!R640 -> 20
A47: 46 | B47: ='PROV. JAWA BARAT'!H660 -> PANYADAP | C47: ='PROV. JAWA BARAT'!I660 -> SOLOKANJERUK | D47: ='PROV. JAWA BARAT'!R660 -> 21
D48: =SUM(D2:D47) -> 675 | E48: =SUM(E2:E47) -> 675
